5.1,3.5,1.4,0.2,Iris-setosa,,3.463666667,1.975648045,0.828251438
4.9,3,1.4,0.2,Iris-setosa,,,,0.727018832
4.7,3.2,1.3,0.2,Iris-setosa,,,,0.625786226
4.6,3.1,1.5,0.2,Iris-setosa,,,,0.575169923
5,3.6,1.4,0.2,Iris-setosa,,,,0.777635135
5.4,3.9,1.7,0.4,Iris-setosa,,,,0.980100346
4.6,3.4,1.4,0.3,Iris-setosa,,,,0.575169923
5,3.4,1.5,0.2,Iris-setosa,,,,0.777635135
4.4,2.9,1.4,0.2,Iris-setosa,,,,0.473937317
4.9,3.1,1.5,0.1,Iris-setosa,,,,0.727018832
5.4,3.7,1.5,0.2,Iris-setosa,,,,0.980100346
4.8,3.4,1.6,0.2,Iris-setosa,,,,0.676402529
4.8,3,1.4,0.1,Iris-setosa,,,,0.676402529
4.3,3,1.1,0.1,Iris-setosa,,,,0.423321014
5.8,4,1.2,0.2,Iris-setosa,,,,1.182565558
5.7,4.4,1.5,0.4,Iris-setosa,,,,1.131949255
5.4,3.9,1.3,0.4,Iris-setosa,,,,0.980100346
5.1,3.5,1.4,0.3,Iris-setosa,,,,0.828251438
5.7,3.8,1.7,0.3,Iris-setosa,,,,1.131949255
5.1,3.8,1.5,0.3,Iris-setosa,,,,0.828251438
5.4,3.4,1.7,0.2,Iris-setosa,,,,0.980100346
5.1,3.7,1.5,0.4,Iris-setosa,,,,0.828251438
4.6,3.6,1,0.2,Iris-setosa,,,,0.575169923
5.1,3.3,1.7,0.5,Iris-setosa,,,,0.828251438
4.8,3.4,1.9,0.2,Iris-setosa,,,,0.676402529
5,3,1.6,0.2,Iris-setosa,,,,0.777635135
5,3.4,1.6,0.4,Iris-setosa,,,,0.777635135
5.2,3.5,1.5,0.2,Iris-setosa,,,,0.878867741
5.2,3.4,1.4,0.2,Iris-setosa,,,,0.878867741
4.7,3.2,1.6,0.2,Iris-setosa,,,,0.625786226
4.8,3.1,1.6,0.2,Iris-setosa,,,,0.676402529
5.4,3.4,1.5,0.4,Iris-setosa,,,,0.980100346
5.2,4.1,1.5,0.1,Iris-setosa,,,,0.878867741
5.5,4.2,1.4,0.2,Iris-setosa,,,,1.030716649
4.9,3.1,1.5,0.1,Iris-setosa,,,,0.727018832
5,3.2,1.2,0.2,Iris-setosa,,,,0.777635135
5.5,3.5,1.3,0.2,Iris-setosa,,,,1.030716649
4.9,3.1,1.5,0.1,Iris-setosa,,,,0.727018832
4.4,3,1.3,0.2,Iris-setosa,,,,0.473937317
5.1,3.4,1.5,0.2,Iris-setosa,,,,0.828251438
5,3.5,1.3,0.3,Iris-setosa,,,,0.777635135
4.5,2.3,1.3,0.3,Iris-setosa,,,,0.52455362
4.4,3.2,1.3,0.2,Iris-setosa,,,,0.473937317
5,3.5,1.6,0.6,Iris-setosa,,,,0.777635135
5.1,3.8,1.9,0.4,Iris-setosa,,,,0.828251438
4.8,3,1.4,0.3,Iris-setosa,,,,0.676402529
5.1,3.8,1.6,0.2,Iris-setosa,,,,0.828251438
4.6,3.2,1.4,0.2,Iris-setosa,,,,0.575169923
5.3,3.7,1.5,0.2,Iris-setosa,,,,0.929484043
5,3.3,1.4,0.2,Iris-setosa,,,,0.777635135
7,3.2,4.7,1.4,Iris-versicolor,,,,1.789961194
6.4,3.2,4.5,1.5,Iris-versicolor,,,,1.486263376
6.9,3.1,4.9,1.5,Iris-versicolor,,,,1.739344891
5.5,2.3,4,1.3,Iris-versicolor,,,,1.030716649
6.5,2.8,4.6,1.5,Iris-versicolor,,,,1.536879679
5.7,2.8,4.5,1.3,Iris-versicolor,,,,1.131949255
6.3,3.3,4.7,1.6,Iris-versicolor,,,,1.435647073
4.9,2.4,3.3,1,Iris-versicolor,,,,0.727018832
6.6,2.9,4.6,1.3,Iris-versicolor,,,,1.587495982
5.2,2.7,3.9,1.4,Iris-versicolor,,,,0.878867741
5,2,3.5,1,Iris-versicolor,,,,0.777635135
5.9,3,4.2,1.5,Iris-versicolor,,,,1.233181861
6,2.2,4,1,Iris-versicolor,,,,1.283798164
6.1,2.9,4.7,1.4,Iris-versicolor,,,,1.334414467
5.6,2.9,3.6,1.3,Iris-versicolor,,,,1.081332952
6.7,3.1,4.4,1.4,Iris-versicolor,,,,1.638112285
5.6,3,4.5,1.5,Iris-versicolor,,,,1.081332952
5.8,2.7,4.1,1,Iris-versicolor,,,,1.182565558
6.2,2.2,4.5,1.5,Iris-versicolor,,,,1.38503077
5.6,2.5,3.9,1.1,Iris-versicolor,,,,1.081332952
5.9,3.2,4.8,1.8,Iris-versicolor,,,,1.233181861
6.1,2.8,4,1.3,Iris-versicolor,,,,1.334414467
6.3,2.5,4.9,1.5,Iris-versicolor,,,,1.435647073
6.1,2.8,4.7,1.2,Iris-versicolor,,,,1.334414467
6.4,2.9,4.3,1.3,Iris-versicolor,,,,1.486263376
6.6,3,4.4,1.4,Iris-versicolor,,,,1.587495982
6.8,2.8,4.8,1.4,Iris-versicolor,,,,1.688728588
6.7,3,5,1.7,Iris-versicolor,,,,1.638112285
6,2.9,4.5,1.5,Iris-versicolor,,,,1.283798164
5.7,2.6,3.5,1,Iris-versicolor,,,,1.131949255
5.5,2.4,3.8,1.1,Iris-versicolor,,,,1.030716649
5.5,2.4,3.7,1,Iris-versicolor,,,,1.030716649
5.8,2.7,3.9,1.2,Iris-versicolor,,,,1.182565558
6,2.7,5.1,1.6,Iris-versicolor,,,,1.283798164
5.4,3,4.5,1.5,Iris-versicolor,,,,0.980100346
6,3.4,4.5,1.6,Iris-versicolor,,,,1.283798164
6.7,3.1,4.7,1.5,Iris-versicolor,,,,1.638112285
6.3,2.3,4.4,1.3,Iris-versicolor,,,,1.435647073
5.6,3,4.1,1.3,Iris-versicolor,,,,1.081332952
5.5,2.5,4,1.3,Iris-versicolor,,,,1.030716649
5.5,2.6,4.4,1.2,Iris-versicolor,,,,1.030716649
6.1,3,4.6,1.4,Iris-versicolor,,,,1.334414467
5.8,2.6,4,1.2,Iris-versicolor,,,,1.182565558
5,2.3,3.3,1,Iris-versicolor,,,,0.777635135
5.6,2.7,4.2,1.3,Iris-versicolor,,,,1.081332952
5.7,3,4.2,1.2,Iris-versicolor,,,,1.131949255
5.7,2.9,4.2,1.3,Iris-versicolor,,,,1.131949255
6.2,2.9,4.3,1.3,Iris-versicolor,,,,1.38503077
5.1,2.5,3,1.1,Iris-versicolor,,,,0.828251438
5.7,2.8,4.1,1.3,Iris-versicolor,,,,1.131949255
6.3,3.3,6,2.5,Iris-virginica,,,,1.435647073
5.8,2.7,5.1,1.9,Iris-virginica,,,,1.182565558
7.1,3,5.9,2.1,Iris-virginica,,,,1.840577497
6.3,2.9,5.6,1.8,Iris-virginica,,,,1.435647073
6.5,3,5.8,2.2,Iris-virginica,,,,1.536879679
7.6,3,6.6,2.1,Iris-virginica,,,,2.093659012
4.9,2.5,4.5,1.7,Iris-virginica,,,,0.727018832
7.3,2.9,6.3,1.8,Iris-virginica,,,,1.941810103
6.7,2.5,5.8,1.8,Iris-virginica,,,,1.638112285
7.2,3.6,6.1,2.5,Iris-virginica,,,,1.8911938
6.5,3.2,5.1,2,Iris-virginica,,,,1.536879679
6.4,2.7,5.3,1.9,Iris-virginica,,,,1.486263376
6.8,3,5.5,2.1,Iris-virginica,,,,1.688728588
5.7,2.5,5,2,Iris-virginica,,,,1.131949255
5.8,2.8,5.1,2.4,Iris-virginica,,,,1.182565558
6.4,3.2,5.3,2.3,Iris-virginica,,,,1.486263376
6.5,3,5.5,1.8,Iris-virginica,,,,1.536879679
7.7,3.8,6.7,2.2,Iris-virginica,,,,2.144275315
7.7,2.6,6.9,2.3,Iris-virginica,,,,2.144275315
6,2.2,5,1.5,Iris-virginica,,,,1.283798164
6.9,3.2,5.7,2.3,Iris-virginica,,,,1.739344891
5.6,2.8,4.9,2,Iris-virginica,,,,1.081332952
7.7,2.8,6.7,2,Iris-virginica,,,,2.144275315
6.3,2.7,4.9,1.8,Iris-virginica,,,,1.435647073
6.7,3.3,5.7,2.1,Iris-virginica,,,,1.638112285
7.2,3.2,6,1.8,Iris-virginica,,,,1.8911938
6.2,2.8,4.8,1.8,Iris-virginica,,,,1.38503077
6.1,3,4.9,1.8,Iris-virginica,,,,1.334414467
6.4,2.8,5.6,2.1,Iris-virginica,,,,1.486263376
7.2,3,5.8,1.6,Iris-virginica,,,,1.8911938
7.4,2.8,6.1,1.9,Iris-virginica,,,,1.992426406
7.9,3.8,6.4,2,Iris-virginica,,,,2.245507921
6.4,2.8,5.6,2.2,Iris-virginica,,,,1.486263376
6.3,2.8,5.1,1.5,Iris-virginica,,,,1.435647073
6.1,2.6,5.6,1.4,Iris-virginica,,,,1.334414467
7.7,3,6.1,2.3,Iris-virginica,,,,2.144275315
6.3,3.4,5.6,2.4,Iris-virginica,,,,1.435647073
6.4,3.1,5.5,1.8,Iris-virginica,,,,1.486263376
6,3,4.8,1.8,Iris-virginica,,,,1.283798164
6.9,3.1,5.4,2.1,Iris-virginica,,,,1.739344891
6.7,3.1,5.6,2.4,Iris-virginica,,,,1.638112285
6.9,3.1,5.1,2.3,Iris-virginica,,,,1.739344891
5.8,2.7,5.1,1.9,Iris-virginica,,,,1.182565558
6.8,3.2,5.9,2.3,Iris-virginica,,,,1.688728588
6.7,3.3,5.7,2.5,Iris-virginica,,,,1.638112285
6.7,3,5.2,2.3,Iris-virginica,,,,1.638112285
6.3,2.5,5,1.9,Iris-virginica,,,,1.435647073
6.5,3,5.2,2,Iris-virginica,,,,1.536879679
6.2,3.4,5.4,2.3,Iris-virginica,,,,1.38503077
5.9,3,5.1,1.8,Iris-virginica,,,,1.233181861